property_type,sector,area,areaWithType,bedRoom,bathroom,balcony,facing,agePossession,super_built_up_area,built_up_area,carpet_area,servant room,store room,furnishing_type,area_room_ratio,luxury_category,floor_category,price
0.0,19.0,2217.0,1857.0,3,3,3.0,2.0,1.0,2217.0,2210.0,1720.0,1,0,0,739.0,0.0,0.0,2.35
0.0,59.0,1997.0,1702.0,3,3,4.0,2.0,0.0,1997.0,1950.0,1850.0,0,0,1,665.6666666666666,0.0,2.0,2.35
0.0,35.0,1550.0,1514.0,3,3,2.0,7.0,2.0,1777.0,1700.0,1550.0,1,0,0,516.6666666666666,2.0,0.0,2.25
0.0,6.0,1650.0,1379.0,3,3,3.0,0.0,3.0,1650.0,1300.0,1022.58,1,0,0,550.0,1.0,2.0,1.4
0.0,105.0,1375.0,1655.0,3,4,3.0,1.0,3.0,1950.0,1525.0,1375.0,1,0,1,458.3333333333333,2.0,1.0,0.86
0.0,89.0,1342.0,1161.0,2,2,2.0,4.0,3.0,1342.0,1140.0,969.0,0,1,1,671.0,2.0,2.0,0.75
0.0,83.0,1976.0,1680.0,3,3,4.0,2.0,1.0,1976.0,1900.0,1650.0,1,0,0,658.6666666666666,0.0,2.0,1.69
0.0,94.0,2092.0,1768.0,3,4,4.0,7.0,3.0,2092.0,2090.0,2087.0,1,0,2,697.3333333333334,0.0,0.0,2.25
0.0,85.0,3355.0,2131.0,4,4,4.0,2.0,1.0,3355.0,3000.0,2800.0,1,0,1,838.75,0.0,0.0,5.25
0.0,13.0,2150.0,1810.0,3,4,4.0,3.0,3.0,2150.0,1797.0,1670.0,1,0,0,716.6666666666666,1.0,2.0,1.5
0.0,76.0,3731.0,2151.0,4,4,4.0,1.0,3.0,3731.0,3500.0,3300.0,1,1,1,932.75,0.0,0.0,4.85
0.0,7.0,1361.0,1186.0,2,2,3.0,0.0,1.0,1361.0,1089.0,705.0,0,0,0,680.5,0.0,2.0,0.8
0.0,99.0,1100.0,1459.0,2,2,3.0,2.0,3.0,1741.0,1700.0,1100.0,0,0,1,550.0,0.0,2.0,1.18
0.0,99.0,1150.0,1370.0,2,2,3.0,7.0,3.0,1640.0,1600.0,1150.0,0,0,0,575.0,0.0,2.0,1.1
0.0,100.0,1929.0,1623.0,3,3,4.0,2.0,3.0,1929.0,1500.0,1300.0,0,0,2,643.0,0.0,0.0,1.55
0.0,97.0,1600.0,1924.0,4,4,3.0,6.0,3.0,2390.0,2000.0,1600.0,1,0,0,400.0,2.0,2.0,1.42
0.0,76.0,1837.0,1567.0,3,2,3.0,2.0,3.0,1837.0,1700.0,1600.0,1,0,1,612.3333333333334,0.0,2.0,2.4
0.0,8.0,2290.0,1874.0,3,4,4.0,1.0,3.0,2290.0,2000.0,1750.0,1,0,0,763.3333333333334,0.0,2.0,1.83
0.0,89.0,2025.0,1735.0,3,3,3.0,2.0,1.0,2025.0,1600.0,1548.0,1,0,1,675.0,1.0,1.0,1.79
0.0,10.0,1385.0,1215.0,2,2,4.0,1.0,3.0,1385.0,940.0,845.0,0,0,0,692.5,1.0,1.0,0.95
0.0,105.0,1540.0,1421.0,3,3,3.0,5.0,3.0,1702.0,1640.0,1540.0,0,0,0,513.3333333333334,0.0,2.0,1.25
0.0,94.0,2103.0,1781.0,3,3,4.0,2.0,3.0,2103.0,1600.0,1257.0,1,0,2,701.0,1.0,0.0,2.25
0.0,12.0,1283.0,1131.0,2,3,3.0,4.0,3.0,1283.0,978.23,734.43,1,0,0,641.5,2.0,1.0,0.9
0.0,91.0,1490.0,1279.0,3,3,3.0,0.0,3.0,1490.0,1176.0,863.91,0,1,1,496.6666666666667,2.0,0.0,1.3
0.0,36.0,950.0,2289.0,2,2,2.0,2.0,2.0,950.0,900.0,744.0,0,0,0,475.0,2.0,1.0,0.58
0.0,70.0,2019.0,1747.0,3,4,4.0,2.0,0.0,2045.0,2037.0,2019.0,1,0,1,673.0,0.0,2.0,2.65
0.0,65.0,2000.0,1712.0,3,3,4.0,4.0,2.0,2000.0,1900.0,1800.0,1,0,0,666.6666666666666,0.0,2.0,1.45
0.0,10.0,1034.0,1399.0,3,3,3.0,3.0,3.0,1665.0,1145.0,1034.0,0,0,0,344.6666666666667,0.0,0.0,1.2
0.0,17.0,2950.0,2087.0,4,5,4.0,2.0,3.0,2950.0,2700.0,2500.0,1,0,1,737.5,1.0,2.0,3.5
0.0,99.0,1671.0,1405.0,2,2,3.0,0.0,3.0,1671.0,1660.0,1650.0,0,0,0,835.5,1.0,0.0,1.17
0.0,107.0,1050.0,1152.0,3,2,2.0,0.0,1.0,1326.0,1298.0,1050.0,0,0,0,350.0,2.0,2.0,0.75
0.0,10.0,1764.0,1495.0,3,4,4.0,3.0,3.0,1760.0,1186.0,1130.0,1,0,0,588.0,1.0,0.0,1.13
0.0,10.0,1850.0,1899.0,4,4,4.0,2.0,3.0,2355.0,2100.0,1850.0,1,0,1,462.5,0.0,0.0,1.35
0.0,97.0,1980.0,1683.0,3,3,2.0,4.0,3.0,1980.0,1350.0,1308.0,1,1,1,660.0,0.0,2.0,1.15
0.0,99.0,2398.0,1942.0,3,4,3.0,7.0,3.0,2408.0,2399.0,2398.0,0,1,0,799.3333333333334,0.0,0.0,1.98
0.0,6.0,3198.0,2120.0,4,5,4.0,2.0,3.0,3198.0,2600.0,2350.0,1,0,1,799.5,0.0,2.0,2.5
0.0,94.0,4200.0,2172.0,4,4,4.0,6.0,3.0,4200.0,3850.0,3600.0,1,0,1,1050.0,1.0,2.0,4.45
0.0,6.0,2025.0,1736.0,3,4,4.0,2.0,3.0,2025.0,1750.0,1600.0,1,0,1,675.0,0.0,2.0,1.7
0.0,45.0,1365.0,1191.0,2,2,3.0,1.0,0.0,1365.0,1068.1,900.0,0,0,1,682.5,2.0,1.0,0.78
0.0,99.0,1640.0,1366.0,2,2,3.0,2.0,1.0,1640.0,1200.0,1125.0,1,1,1,820.0,0.0,2.0,1.08
0.0,99.0,2408.0,1940.0,3,4,3.0,7.0,3.0,2408.0,2300.0,2200.0,0,0,0,802.6666666666666,1.0,2.0,1.98
0.0,19.0,2217.0,1854.0,3,4,4.0,2.0,3.0,2217.0,1940.0,1730.0,1,0,0,739.0,1.0,2.0,2.4
0.0,89.0,1342.0,1162.0,2,2,2.0,2.0,3.0,1342.0,1180.0,1050.0,0,0,1,671.0,0.0,2.0,0.75
0.0,6.0,1128.0,1577.0,3,3,4.0,4.0,3.0,1852.0,1456.0,1128.09,0,1,0,376.0,2.0,1.0,2.0
0.0,95.0,1877.0,1594.0,3,3,3.0,1.0,3.0,1877.0,1800.0,1500.0,0,0,1,625.6666666666666,0.0,2.0,1.28
0.0,12.0,2003.0,1724.0,3,4,2.0,0.0,3.0,2003.0,1600.0,1400.0,0,0,0,667.6666666666666,1.0,0.0,2.95
0.0,98.0,1750.0,1479.0,3,3,2.0,3.0,3.0,1750.0,1475.0,1350.0,0,0,0,583.3333333333334,1.0,0.0,1.01
0.0,72.0,1508.0,1295.0,2,2,3.0,2.0,1.0,1508.0,1500.0,1200.0,0,0,1,754.0,1.0,0.0,2.1
0.0,76.0,1950.0,1660.0,3,3,3.0,2.0,3.0,1950.0,1920.0,1550.0,0,0,1,650.0,2.0,0.0,2.85
0.0,99.0,1646.0,1371.0,2,2,3.0,7.0,3.0,1640.0,1630.0,1620.0,0,0,0,823.0,1.0,2.0,1.18
0.0,12.0,1745.0,1468.0,3,3,3.0,7.0,3.0,1745.0,1460.0,1320.0,0,0,0,581.6666666666666,1.0,0.0,2.45
0.0,7.0,2875.0,2074.0,4,6,4.0,2.0,3.0,2875.0,2456.0,2100.0,1,0,0,718.75,0.0,0.0,2.4
0.0,99.0,1968.0,2063.0,4,5,4.0,7.0,3.0,2812.0,2390.0,1968.0,1,0,0,492.0,0.0,2.0,2.2
0.0,99.0,2408.0,1940.0,3,4,3.0,1.0,3.0,2408.0,2300.0,2200.0,1,0,0,802.6666666666666,1.0,2.0,2.0
0.0,98.0,1550.0,1481.0,3,3,3.0,2.0,3.0,1750.0,1610.0,1550.0,0,0,0,516.6666666666666,2.0,2.0,1.05
0.0,111.0,1997.0,1700.0,3,3,3.0,2.0,3.0,1997.0,1790.0,1420.0,1,0,0,665.6666666666666,1.0,2.0,1.16
0.0,75.0,1650.0,1384.0,3,3,3.0,0.0,3.0,1650.0,1600.0,1250.0,1,0,1,550.0,1.0,2.0,2.4
0.0,63.0,2329.0,1884.0,3,4,3.0,2.0,3.0,2329.0,1900.0,1700.0,1,0,2,776.3333333333334,0.0,0.0,5.75
0.0,90.0,2500.0,1893.0,4,4,3.0,0.0,3.0,2350.0,2300.0,2000.0,1,0,0,625.0,2.0,1.0,1.25
0.0,105.0,1430.0,1420.0,3,3,3.0,0.0,3.0,1702.0,1540.0,1430.0,0,0,0,476.6666666666667,0.0,2.0,1.29
0.0,45.0,1815.0,1547.0,3,5,4.0,3.0,3.0,1815.0,1400.0,1270.0,1,0,0,605.0,1.0,2.0,0.99
0.0,94.0,2092.0,1767.0,3,4,4.0,5.0,3.0,2092.0,1760.0,1670.0,1,0,2,697.3333333333334,0.0,0.0,2.34
0.0,35.0,1777.0,1515.0,3,4,3.0,5.0,2.0,1777.0,1700.0,1600.0,1,0,1,592.3333333333334,2.0,2.0,2.35
0.0,99.0,2390.0,1943.0,3,4,3.0,2.0,3.0,2408.0,2400.0,2390.0,1,0,0,796.6666666666666,0.0,2.0,1.93
0.0,105.0,2215.0,1847.0,4,4,4.0,4.0,3.0,2215.0,2000.0,1650.0,0,0,0,553.75,2.0,2.0,1.78
0.0,94.0,2132.0,1793.0,3,3,2.0,7.0,3.0,2132.0,1700.0,1350.0,1,0,2,710.6666666666666,0.0,0.0,2.5
0.0,2.0,2589.0,1997.0,3,3,4.0,6.0,0.0,2588.0,1900.0,1877.0,1,0,0,863.0,2.0,1.0,0.81
0.0,105.0,2310.0,1486.0,3,3,4.0,6.0,3.0,1755.0,1500.0,1400.0,0,0,0,770.0,2.0,1.0,1.27
0.0,108.0,1805.0,1536.0,3,4,2.0,2.0,3.0,1805.0,1350.0,1100.0,0,0,1,601.6666666666666,2.0,0.0,1.45
0.0,57.0,2383.0,1921.0,4,4,3.0,2.0,0.0,2383.0,2200.0,2000.0,1,0,1,595.75,2.0,2.0,3.0
0.0,10.0,1100.0,1214.0,2,2,3.0,2.0,1.0,1385.0,1200.0,1100.0,0,0,1,550.0,0.0,2.0,0.97
0.0,59.0,2480.0,1971.0,3,4,4.0,1.0,0.0,2480.0,2470.0,2000.0,1,0,1,826.6666666666666,0.0,2.0,2.65
0.0,46.0,1800.0,1531.0,3,3,3.0,4.0,3.0,1800.0,1700.0,1600.0,0,0,0,600.0,0.0,2.0,1.08
0.0,12.0,2003.0,1722.0,3,3,4.0,0.0,3.0,2003.0,1338.29,986.41,1,0,1,667.6666666666666,2.0,2.0,1.68
0.0,99.0,2560.0,1985.0,4,5,4.0,0.0,3.0,2560.0,2017.0,1890.0,1,0,1,640.0,2.0,2.0,1.49
0.0,111.0,1630.0,1699.0,3,5,3.0,7.0,3.0,1997.0,1750.0,1630.0,1,0,0,543.3333333333334,1.0,1.0,1.08
0.0,93.0,2262.0,1866.0,3,4,2.0,3.0,0.0,2262.0,1854.0,1576.0,0,1,0,754.0,2.0,2.0,1.4
0.0,10.0,1900.0,1605.0,3,4,3.0,3.0,3.0,1900.0,1305.0,1173.0,1,0,0,633.3333333333334,1.0,2.0,1.15
0.0,105.0,1935.0,1425.0,3,3,3.0,4.0,3.0,1703.0,1650.0,1600.0,0,0,1,645.0,1.0,2.0,1.25
0.0,6.0,2149.0,1802.0,3,4,4.0,0.0,3.0,2149.0,1186.0,1130.0,1,0,1,716.3333333333334,1.0,0.0,2.2
0.0,76.0,2764.0,2043.0,4,4,3.0,1.0,3.0,2764.0,2700.0,2500.0,1,0,1,691.0,0.0,2.0,3.0
0.0,70.0,2385.0,1923.0,3,3,3.0,5.0,3.0,2385.0,2300.0,2200.0,1,0,1,795.0,0.0,2.0,3.05
0.0,80.0,1500.0,1285.0,3,2,4.0,7.0,3.0,1500.0,1326.0,1050.0,0,0,1,500.0,2.0,1.0,0.9
0.0,75.0,1650.0,1675.0,4,4,3.0,1.0,3.0,1975.0,1800.0,1650.0,0,0,1,412.5,2.0,1.0,2.8
0.0,99.0,1741.0,1458.0,2,3,3.0,5.0,3.0,1741.0,1550.0,1350.0,0,0,0,870.5,1.0,2.0,1.17
0.0,59.0,1336.0,1155.0,2,2,2.0,0.0,0.0,1336.0,1330.0,1100.0,0,0,1,668.0,0.0,0.0,1.14
0.0,99.0,1169.0,1404.0,2,3,3.0,1.0,3.0,1671.0,1420.0,1169.0,0,0,1,584.5,0.0,0.0,1.18
0.0,99.0,1741.0,1460.0,2,2,3.0,5.0,3.0,1741.0,1730.0,1720.0,0,0,0,870.5,1.0,2.0,1.25
0.0,105.0,957.0,1170.0,2,2,3.0,5.0,3.0,1350.0,1050.0,950.0,0,0,0,478.5,2.0,2.0,0.65
0.0,99.0,2812.0,2066.0,4,4,3.0,1.0,3.0,2812.0,2600.0,2400.0,1,0,0,703.0,1.0,2.0,2.1
0.0,56.0,1776.0,1511.0,3,3,4.0,4.0,0.0,1776.0,1576.0,1476.0,1,0,1,592.0,0.0,2.0,1.76
0.0,65.0,2300.0,1960.0,3,3,4.0,4.0,2.0,2450.0,2400.0,2300.0,1,0,1,766.6666666666666,2.0,1.0,1.74
0.0,77.0,2436.0,1954.0,3,3,4.0,4.0,0.0,2436.0,2236.0,2036.0,1,0,1,812.0,0.0,0.0,2.95
0.0,107.0,2000.0,1715.0,4,3,2.0,0.0,1.0,2000.0,1983.0,1900.0,0,0,0,500.0,1.0,0.0,0.95
0.0,65.0,1850.0,1714.0,3,3,2.0,4.0,2.0,2000.0,1920.0,1850.0,1,0,1,616.6666666666666,2.0,2.0,1.54
0.0,76.0,1700.0,1662.0,3,4,3.0,2.0,3.0,1950.0,1920.0,1700.0,1,0,1,566.6666666666666,2.0,2.0,2.8
0.0,10.0,1760.0,1495.0,3,4,4.0,0.0,3.0,1760.0,1186.0,1130.0,1,0,1,586.6666666666666,0.0,0.0,1.15
0.0,99.0,961.0,1456.0,2,2,3.0,2.0,3.0,1741.0,1263.0,961.0,0,0,0,480.5,2.0,0.0,1.15
0.0,59.0,2605.0,2008.0,3,3,4.0,1.0,0.0,2605.0,2600.0,2100.0,1,0,1,868.3333333333334,0.0,2.0,2.97
0.0,100.0,1929.0,1627.0,3,3,3.0,0.0,3.0,1929.0,1700.0,1548.0,0,0,1,643.0,0.0,0.0,1.59
0.0,97.0,1900.0,1608.0,3,3,3.0,0.0,3.0,1900.0,1600.0,1240.04,1,0,1,633.3333333333334,0.0,2.0,1.75
0.0,107.0,1600.0,1642.0,3,3,3.0,6.0,3.0,1935.0,1700.0,1600.0,1,0,0,533.3333333333334,1.0,2.0,0.72
0.0,16.0,1450.0,1350.0,3,3,3.0,1.0,3.0,1615.0,1550.0,1450.0,0,0,1,483.3333333333333,2.0,2.0,1.4
0.0,45.0,1765.0,1504.0,3,4,3.0,5.0,3.0,1765.0,1665.0,1565.0,0,0,0,588.3333333333334,2.0,2.0,1.22
0.0,19.0,2690.0,2024.0,3,4,4.0,2.0,3.0,2690.0,2350.0,2170.0,1,0,0,896.6666666666666,0.0,2.0,2.78
0.0,45.0,1735.0,1448.0,3,4,3.0,6.0,3.0,1735.0,1635.0,1535.0,0,0,0,578.3333333333334,2.0,2.0,1.2
0.0,45.0,1763.0,1501.0,3,3,3.0,3.0,3.0,1763.0,1350.0,1234.0,0,0,0,587.6666666666666,1.0,2.0,1.25
0.0,19.0,1859.0,1856.0,3,3,3.0,1.0,1.0,2217.0,2098.0,1859.0,1,0,0,619.6666666666666,0.0,2.0,2.33
0.0,99.0,1250.0,1369.0,2,2,3.0,0.0,1.0,1640.0,1550.0,1250.0,0,0,0,625.0,2.0,0.0,1.04
0.0,99.0,1475.0,1269.0,3,3,2.0,7.0,0.0,1475.0,1350.0,1250.0,0,0,0,491.6666666666667,1.0,2.0,0.72
0.0,111.0,1930.0,1896.0,4,5,4.0,5.0,3.0,2352.0,2150.0,1930.0,1,0,0,482.5,1.0,1.0,1.38
0.0,10.0,1760.0,1495.0,3,4,4.0,2.0,3.0,1760.0,1186.0,1130.0,1,0,0,586.6666666666666,0.0,2.0,1.25
0.0,99.0,1986.0,1672.0,4,4,3.0,0.0,0.0,1975.0,1575.0,1435.0,0,0,1,496.5,1.0,2.0,0.9
0.0,91.0,1500.0,1304.0,2,2,3.0,0.0,1.0,1530.0,1350.0,1200.0,0,0,1,750.0,2.0,2.0,1.35
0.0,10.0,1403.0,1898.0,4,5,4.0,5.0,3.0,2355.0,1535.0,1403.0,1,0,0,350.75,1.0,2.0,1.34
0.0,97.0,1735.0,1445.0,3,3,2.0,5.0,3.0,1735.0,1200.0,1126.0,1,1,1,578.3333333333334,0.0,2.0,1.12
0.0,83.0,1976.0,1678.0,3,3,4.0,0.0,1.0,1976.0,1900.0,1500.0,1,0,0,658.6666666666666,2.0,2.0,1.66
0.0,29.0,1380.0,1206.0,2,2,2.0,2.0,1.0,1380.0,1285.0,1280.0,1,0,0,690.0,1.0,2.0,1.99
0.0,77.0,2047.0,1750.0,3,3,4.0,2.0,3.0,2047.0,1900.0,1800.0,0,1,1,682.3333333333334,0.0,2.0,3.0
0.0,113.0,567.0,2212.0,2,2,2.0,0.0,3.0,567.0,500.0,467.0,0,0,1,283.5,1.0,2.0,0.28
0.0,8.0,3150.0,2107.0,4,4,4.0,2.0,3.0,3150.0,2800.0,2400.0,1,1,1,787.5,0.0,0.0,2.52
0.0,63.0,2100.0,1775.0,3,3,4.0,2.0,0.0,2100.0,2000.0,1900.0,0,0,1,700.0,2.0,2.0,1.55
0.0,13.0,1320.0,1471.0,3,3,3.0,0.0,3.0,1745.0,1550.0,1320.0,0,0,0,440.0,2.0,0.0,1.7
0.0,94.0,2660.0,2016.0,3,4,4.0,0.0,3.0,2660.0,2280.0,1950.0,1,0,1,886.6666666666666,1.0,2.0,2.3
0.0,87.0,1200.0,1223.0,2,2,3.0,2.0,3.0,1400.0,1300.0,1200.0,0,1,0,600.0,0.0,0.0,1.48
0.0,63.0,4072.0,2165.0,4,5,4.0,1.0,0.0,4072.0,3000.0,2800.0,1,0,2,1018.0,0.0,0.0,10.0
0.0,101.0,1725.0,1824.0,4,4,3.0,0.0,1.0,2175.0,1745.0,1725.0,1,0,0,431.25,2.0,1.0,2.1
0.0,45.0,925.0,2284.0,2,2,1.0,0.0,3.0,925.0,850.0,800.0,0,0,1,462.5,0.0,2.0,0.35
0.0,70.0,1350.0,1302.0,2,3,2.0,2.0,3.0,1524.0,1520.0,1350.0,0,1,1,675.0,0.0,1.0,2.05
0.0,76.0,1337.0,1157.0,2,3,3.0,4.0,3.0,1337.0,1330.0,1050.0,1,0,1,668.5,2.0,1.0,1.5
0.0,87.0,1427.0,1240.0,2,2,4.0,4.0,3.0,1424.0,1300.0,1100.0,0,0,0,713.5,2.0,2.0,1.57
0.0,79.0,1950.0,1658.0,3,3,4.0,2.0,3.0,1950.0,1845.0,1530.0,0,0,1,650.0,2.0,0.0,1.8
0.0,56.0,1707.0,1426.0,3,3,3.0,1.0,2.0,1707.0,1600.0,1400.0,0,0,1,569.0,2.0,1.0,1.5
0.0,46.0,2191.0,1834.0,4,4,3.0,7.0,3.0,2191.0,2100.0,1800.0,0,0,1,547.75,2.0,2.0,1.75
0.0,99.0,1150.0,1201.0,2,2,2.0,3.0,3.0,1375.0,1250.0,1150.0,0,0,1,575.0,0.0,2.0,0.67
0.0,75.0,2700.0,2090.0,3,3,4.0,2.0,3.0,2979.0,2800.0,2700.0,1,0,1,900.0,0.0,0.0,5.0
0.0,57.0,2033.0,1740.0,3,3,3.0,7.0,3.0,2033.0,2030.0,1750.0,0,0,0,677.6666666666666,1.0,0.0,2.35
0.0,6.0,2598.0,2000.0,3,3,3.0,2.0,3.0,2598.0,2200.0,2000.0,1,0,0,866.0,1.0,0.0,2.61
0.0,99.0,916.0,1508.0,2,2,3.0,2.0,3.0,1772.0,1300.0,916.0,0,1,0,458.0,2.0,0.0,1.22
0.0,75.0,3000.0,2125.0,3,3,3.0,0.0,3.0,3246.0,3245.0,3000.0,1,0,1,1000.0,0.0,1.0,5.0
0.0,16.0,1929.0,1624.0,3,3,4.0,2.0,3.0,1929.0,1548.0,1300.0,0,0,1,643.0,0.0,2.0,1.6
0.0,19.0,1960.0,2023.0,3,4,3.0,3.0,3.0,2690.0,2150.0,1960.0,1,0,0,653.3333333333334,0.0,2.0,3.05
0.0,105.0,1744.0,1465.0,3,3,3.0,1.0,3.0,1744.0,1630.0,1290.0,0,0,1,581.3333333333334,2.0,0.0,1.17
0.0,56.0,1910.0,1612.0,3,3,3.0,3.0,2.0,1910.0,1700.0,1600.0,0,0,1,636.6666666666666,2.0,0.0,1.6
0.0,89.0,1822.0,1557.0,3,3,3.0,0.0,3.0,1822.0,1600.0,1400.0,0,0,0,607.3333333333334,1.0,2.0,1.05
0.0,94.0,2103.0,1783.0,3,3,4.0,2.0,3.0,2103.0,1650.0,1257.0,1,0,2,701.0,1.0,0.0,2.4
0.0,45.0,925.0,2284.0,2,2,1.0,7.0,3.0,925.0,850.0,800.0,0,0,1,462.5,0.0,2.0,0.33
0.0,12.0,734.0,1131.0,2,3,3.0,6.0,3.0,1283.0,978.23,734.43,1,0,1,367.0,2.0,1.0,0.87
0.0,113.0,1538.0,1261.0,2,2,4.0,4.0,4.0,1457.0,1050.0,849.0,0,0,0,769.0,2.0,2.0,0.95
0.0,19.0,965.0,1127.0,2,2,3.0,2.0,1.0,1276.0,1090.0,965.0,0,0,0,482.5,0.0,2.0,1.35
0.0,59.0,1836.0,1566.0,3,3,4.0,0.0,0.0,1836.0,1830.0,1500.0,0,0,1,612.0,0.0,0.0,1.82
0.0,19.0,1150.0,1330.0,2,2,3.0,6.0,1.0,1573.0,1350.0,1150.0,0,0,0,575.0,0.0,2.0,1.38
0.0,62.0,3390.0,2136.0,4,5,4.0,4.0,3.0,3390.0,3000.0,2500.0,1,0,1,847.5,0.0,2.0,6.5
0.0,87.0,1200.0,1223.0,2,2,3.0,2.0,3.0,1400.0,1300.0,1200.0,0,1,0,600.0,0.0,0.0,1.5
0.0,105.0,1755.0,1487.0,3,3,4.0,4.0,3.0,1755.0,1600.0,1400.0,0,0,0,585.0,2.0,2.0,1.24
0.0,16.0,3880.0,2159.0,5,5,2.0,0.0,3.0,3880.0,3500.0,3000.0,1,0,0,776.0,0.0,2.0,4.1
0.0,76.0,1472.0,1268.0,2,3,3.0,5.0,3.0,1472.0,1470.0,1251.0,1,0,1,736.0,2.0,0.0,1.85
0.0,94.0,735.0,2265.0,2,2,3.0,4.0,3.0,735.0,700.0,635.0,0,0,0,367.5,2.0,2.0,0.49
0.0,100.0,1930.0,1636.0,3,3,3.0,4.0,3.0,1930.0,1900.0,1720.0,0,0,0,643.3333333333334,1.0,2.0,1.55
0.0,56.0,2430.0,1953.0,3,3,3.0,4.0,2.0,2430.0,2200.0,1800.0,1,0,1,810.0,2.0,2.0,1.75
0.0,84.0,639.0,2245.0,2,2,1.0,5.0,3.0,639.0,600.0,541.0,0,0,1,319.5,1.0,2.0,0.55
0.0,76.0,1700.0,1617.0,3,4,2.0,2.0,3.0,1920.0,1800.0,1700.0,1,0,1,566.6666666666666,0.0,0.0,2.1
0.0,52.0,5200.0,2202.0,4,5,3.0,2.0,0.0,5200.0,5000.0,4900.0,1,0,2,1300.0,2.0,2.0,8.44
0.0,57.0,2070.0,1757.0,3,4,3.0,7.0,3.0,2070.0,2061.0,1750.0,0,0,0,690.0,1.0,1.0,2.38
0.0,63.0,2200.0,1840.0,3,3,4.0,2.0,0.0,2200.0,2100.0,2000.0,1,0,1,733.3333333333334,2.0,2.0,1.75
0.0,98.0,1918.0,1614.0,3,3,3.0,2.0,3.0,1918.0,1650.0,1550.0,0,0,1,639.3333333333334,0.0,2.0,1.24
0.0,100.0,1929.0,1626.0,3,4,4.0,6.0,3.0,1929.0,1580.0,1450.0,0,1,0,643.0,0.0,0.0,1.56
0.0,10.0,1130.0,1495.0,3,4,4.0,3.0,3.0,1760.0,1186.0,1130.0,1,0,1,376.6666666666667,0.0,2.0,1.1
0.0,67.0,1632.0,1362.0,2,2,1.0,2.0,3.0,1632.0,1432.0,1232.0,0,0,1,816.0,2.0,2.0,2.2
0.0,107.0,2325.0,1883.0,4,4,4.0,7.0,3.0,2325.0,1920.0,1750.0,1,0,0,581.25,1.0,2.0,1.9
0.0,2.0,2588.0,1997.0,3,3,4.0,4.0,0.0,2588.0,1900.0,1877.0,1,0,0,862.6666666666666,2.0,2.0,0.86
0.0,87.0,1124.0,1230.0,2,2,4.0,4.0,3.0,1406.0,1300.0,1124.0,0,0,0,562.0,2.0,0.0,1.55
0.0,97.0,1050.0,1055.0,2,2,2.0,4.0,3.0,1050.0,950.0,850.0,0,0,1,525.0,0.0,1.0,0.65
0.0,19.0,1330.0,1154.0,2,2,3.0,2.0,1.0,1330.0,1276.0,1180.0,0,0,0,665.0,0.0,1.0,1.55
0.0,57.0,2182.0,1826.0,3,4,3.0,5.0,0.0,2182.0,1750.75,1670.0,1,0,1,727.3333333333334,2.0,2.0,1.98
0.0,99.0,1635.0,1372.0,2,2,3.0,6.0,3.0,1640.0,1638.0,1635.0,0,1,0,817.5,0.0,2.0,1.09
0.0,13.0,1745.0,1470.0,3,3,3.0,2.0,3.0,1745.0,1550.0,1250.0,0,0,1,581.6666666666666,1.0,2.0,1.75
0.0,94.0,2132.0,1795.0,3,3,2.0,5.0,3.0,2132.0,1800.0,1500.0,1,0,1,710.6666666666666,0.0,2.0,2.45
0.0,63.0,3160.0,2115.0,4,6,4.0,0.0,0.0,3160.0,2455.0,2240.0,1,0,1,790.0,2.0,0.0,6.75
0.0,105.0,2215.0,1849.0,4,4,4.0,0.0,3.0,2215.0,2214.0,2213.0,0,0,0,553.75,0.0,0.0,1.65
0.0,46.0,2191.0,1834.0,4,3,4.0,2.0,3.0,2191.0,2100.0,1800.0,0,0,1,547.75,2.0,0.0,1.55
0.0,98.0,583.0,2224.0,2,2,2.0,0.0,1.0,583.0,565.0,483.0,0,0,1,291.5,1.0,2.0,0.41
0.0,12.0,2779.0,2047.0,4,4,4.0,2.0,3.0,2779.0,2500.0,2300.0,1,0,1,694.75,0.0,2.0,2.0
0.0,6.0,2250.0,2036.0,3,3,4.0,2.0,3.0,2727.0,2500.0,2250.0,1,0,0,750.0,0.0,1.0,1.9
0.0,35.0,1150.0,1077.0,2,2,2.0,0.0,2.0,1150.0,1120.0,1050.0,0,1,0,575.0,2.0,0.0,1.35
0.0,100.0,1929.0,1625.0,3,3,1.0,5.0,3.0,1929.0,1550.0,1330.0,0,0,0,643.0,0.0,0.0,1.5
0.0,99.0,2808.0,2061.0,4,4,4.0,2.0,3.0,2812.0,2225.0,2175.0,0,0,0,702.0,1.0,2.0,2.03
0.0,99.0,1741.0,1460.0,2,2,3.0,7.0,3.0,1741.0,1730.0,1720.0,0,0,0,870.5,1.0,2.0,1.24
0.0,65.0,1650.0,1575.0,3,2,3.0,4.0,2.0,1850.0,1750.0,1650.0,1,0,1,550.0,2.0,2.0,1.39
0.0,102.0,1250.0,1171.0,2,2,2.0,1.0,3.0,1350.0,1300.0,1250.0,0,0,0,625.0,0.0,2.0,0.92
0.0,18.0,1800.0,1956.0,2,2,3.0,0.0,3.0,2441.0,1939.03,1800.0,0,0,1,900.0,0.0,2.0,2.5
0.0,85.0,3500.0,2175.0,4,4,4.0,2.0,1.0,4250.0,4000.0,3500.0,1,0,1,875.0,0.0,1.0,6.75
0.0,94.0,2103.0,1780.0,3,3,4.0,0.0,3.0,2103.0,1570.0,1257.0,1,0,2,701.0,1.0,2.0,2.2
0.0,99.0,3800.0,2162.0,4,6,3.0,1.0,3.0,3950.0,3890.0,3800.0,1,0,0,950.0,0.0,2.0,1.91
0.0,12.0,1758.0,1491.0,3,2,4.0,2.0,3.0,1758.0,1550.0,1400.0,1,0,1,586.0,0.0,0.0,1.2
0.0,99.0,2812.0,2066.0,4,4,3.0,5.0,3.0,2812.0,2600.0,2400.0,1,0,0,703.0,1.0,2.0,2.09
0.0,45.0,1990.0,1689.0,3,3,4.0,4.0,3.0,1990.0,1890.0,1790.0,1,0,0,663.3333333333334,2.0,2.0,1.4
0.0,99.0,2812.0,2065.0,4,4,3.0,1.0,3.0,2812.0,2600.0,2200.0,0,0,0,703.0,1.0,1.0,2.13
0.0,59.0,2200.0,2006.0,3,3,3.0,5.0,0.0,2605.0,2400.0,2200.0,1,0,0,733.3333333333334,2.0,2.0,2.75
0.0,12.0,1350.0,1490.0,3,3,3.0,5.0,3.0,1758.0,1500.0,1350.0,1,0,0,450.0,0.0,1.0,1.25
0.0,59.0,2711.0,2032.0,3,4,2.0,2.0,3.0,2711.0,2700.0,2200.0,1,0,1,903.6666666666666,0.0,0.0,2.6
0.0,70.0,2045.0,1746.0,3,4,4.0,4.0,3.0,2045.0,1640.0,1490.0,1,0,1,681.6666666666666,0.0,2.0,2.85
0.0,99.0,1736.0,1457.0,2,2,3.0,0.0,3.0,1741.0,1485.0,1335.0,0,0,0,868.0,1.0,2.0,1.12
0.0,99.0,2405.0,1938.0,3,4,3.0,2.0,3.0,2408.0,1925.0,1875.0,0,0,0,801.6666666666666,1.0,2.0,1.83
0.0,46.0,2191.0,1832.0,4,3,4.0,1.0,3.0,2191.0,2000.0,1800.0,0,0,1,547.75,2.0,2.0,1.6
0.0,99.0,1678.0,1405.0,2,2,3.0,2.0,3.0,1671.0,1660.0,1650.0,0,0,0,839.0,1.0,0.0,1.2
0.0,10.0,1550.0,1497.0,3,3,3.0,2.0,3.0,1760.0,1650.0,1550.0,1,0,1,516.6666666666666,0.0,0.0,1.15
0.0,10.0,2355.0,1898.0,4,6,4.0,3.0,3.0,2355.0,1535.0,1403.0,1,0,0,588.75,0.0,0.0,1.5
0.0,16.0,2042.0,1745.0,3,3,4.0,5.0,3.0,2042.0,1850.0,1650.0,1,0,1,680.6666666666666,2.0,2.0,1.8
0.0,99.0,2298.0,1941.0,3,4,4.0,0.0,3.0,2408.0,2398.0,2298.0,1,0,1,766.0,0.0,0.0,1.99
0.0,10.0,1385.0,1215.0,2,2,4.0,4.0,3.0,1385.0,940.0,845.0,0,0,0,692.5,1.0,1.0,0.88
0.0,100.0,1930.0,1634.0,3,4,3.0,6.0,3.0,1930.0,1800.0,1450.0,1,0,0,643.3333333333334,2.0,0.0,1.27
0.0,106.0,1890.0,1601.0,3,3,4.0,1.0,3.0,1890.0,1700.0,1600.0,0,0,0,630.0,2.0,2.0,1.4
0.0,105.0,2364.0,1914.0,4,4,4.0,6.0,0.0,2364.0,2200.0,1850.0,1,0,1,591.0,2.0,0.0,1.54
0.0,103.0,1765.0,1480.0,3,3,3.0,1.0,4.0,1750.0,1480.0,1450.0,0,0,0,588.3333333333334,2.0,2.0,1.5
0.0,97.0,1900.0,1608.0,3,3,3.0,4.0,3.0,1900.0,1600.0,1240.04,1,0,1,633.3333333333334,0.0,2.0,1.72
0.0,18.0,4739.0,2190.0,4,6,4.0,4.0,3.0,4739.0,3573.33,3400.0,1,0,0,1184.75,2.0,0.0,5.31
0.0,52.0,1185.0,1224.0,3,3,4.0,2.0,2.0,1400.0,1385.0,1185.0,0,1,1,395.0,0.0,2.0,1.5
0.0,10.0,1900.0,1605.0,3,4,3.0,4.0,3.0,1900.0,1305.0,1173.0,1,0,0,633.3333333333334,1.0,2.0,1.14
0.0,107.0,1995.0,1696.0,3,4,4.0,3.0,3.0,1995.0,1615.0,1476.0,1,0,1,665.0,0.0,2.0,1.6
0.0,6.0,1250.0,1381.0,3,4,4.0,2.0,3.0,1650.0,1400.0,1250.0,1,0,1,416.6666666666667,0.0,2.0,1.35
0.0,107.0,2235.0,1715.0,4,3,2.0,0.0,1.0,2000.0,1983.0,1900.0,0,0,0,558.75,2.0,0.0,0.95
0.0,94.0,1810.0,1538.0,3,3,3.0,1.0,3.0,1810.0,1650.0,1500.0,0,0,1,603.3333333333334,2.0,2.0,1.45
0.0,94.0,2132.0,1796.0,3,3,2.0,5.0,3.0,2132.0,2130.0,2129.0,1,0,2,710.6666666666666,2.0,2.0,2.5
0.0,56.0,1910.0,1613.0,3,3,4.0,1.0,2.0,1910.0,1895.0,1800.0,0,0,1,636.6666666666666,1.0,2.0,1.6
0.0,6.0,1650.0,1380.0,3,3,3.0,2.0,3.0,1650.0,1300.0,1100.0,1,0,0,550.0,1.0,2.0,1.45
0.0,45.0,1738.0,1446.0,3,3,3.0,2.0,1.0,1735.0,1400.0,965.0,0,0,0,579.3333333333334,1.0,2.0,1.26
0.0,94.0,2132.0,1794.0,3,3,2.0,3.0,3.0,2132.0,1800.0,1400.0,1,0,2,710.6666666666666,0.0,2.0,2.4
0.0,46.0,2000.0,1713.0,3,2,1.0,0.0,4.0,2000.0,1900.0,1850.0,1,0,0,666.6666666666666,2.0,2.0,1.2
0.0,29.0,3090.0,2102.0,3,4,4.0,6.0,3.0,3090.0,2600.0,2100.0,1,0,2,1030.0,2.0,2.0,4.3
0.0,105.0,1938.0,1637.0,3,3,4.0,7.0,3.0,1930.0,1929.0,1928.0,1,0,0,646.0,2.0,2.0,1.21
0.0,95.0,1400.0,1521.0,3,4,2.0,3.0,3.0,1790.0,1500.0,1400.0,1,0,0,466.6666666666667,0.0,2.0,1.12
0.0,56.0,3731.0,2161.0,4,4,4.0,2.0,0.0,3931.0,3831.0,3731.0,1,1,1,932.75,2.0,2.0,9.3
0.0,77.0,1875.0,1922.0,3,4,2.0,6.0,3.0,2385.0,2200.0,1875.0,1,0,1,625.0,0.0,0.0,3.05
0.0,94.0,2103.0,1784.0,3,3,4.0,0.0,3.0,2103.0,1750.0,1257.0,1,0,2,701.0,1.0,0.0,2.28
0.0,17.0,2950.0,2086.0,4,5,4.0,5.0,3.0,2950.0,2650.0,2450.0,1,0,1,737.5,0.0,0.0,3.7
0.0,89.0,1500.0,1737.0,3,3,4.0,6.0,3.0,2025.0,1900.0,1500.0,1,0,0,500.0,2.0,0.0,1.75
0.0,18.0,3763.0,2154.0,3,5,2.0,4.0,3.0,3763.0,3000.0,2800.0,1,0,0,1254.3333333333333,2.0,0.0,4.25
0.0,87.0,1424.0,1239.0,2,2,4.0,5.0,3.0,1424.0,1200.0,1139.0,0,0,0,712.0,2.0,0.0,1.54
0.0,77.0,2350.0,1892.0,4,4,4.0,6.0,3.0,2350.0,2250.0,2001.0,1,0,1,587.5,2.0,1.0,2.72
0.0,83.0,1450.0,1254.0,2,2,3.0,0.0,1.0,1450.0,1400.0,1000.0,0,0,0,725.0,2.0,2.0,1.18
0.0,99.0,2120.0,1787.0,3,4,2.0,2.0,3.0,2120.0,1650.0,1550.0,1,0,0,706.6666666666666,1.0,2.0,1.2
0.0,10.0,1230.0,1496.0,3,4,4.0,2.0,3.0,1760.0,1345.0,1230.0,1,0,0,410.0,0.0,2.0,1.05
0.0,99.0,1620.0,1371.0,2,2,3.0,1.0,3.0,1640.0,1630.0,1620.0,0,1,0,810.0,0.0,2.0,1.11
0.0,100.0,1540.0,1629.0,3,3,4.0,7.0,3.0,1929.0,1780.0,1540.0,0,0,0,513.3333333333334,0.0,0.0,1.5
0.0,65.0,2400.0,1929.0,3,4,4.0,7.0,2.0,2400.0,2200.0,2000.0,0,0,1,800.0,0.0,2.0,2.1
0.0,113.0,1465.0,1265.0,2,2,4.0,2.0,0.0,1465.0,1100.0,1000.0,0,0,1,732.5,0.0,2.0,0.9
0.0,12.0,2003.0,1723.0,3,4,4.0,5.0,3.0,2003.0,1500.29,1140.98,1,0,0,667.6666666666666,2.0,0.0,1.7
0.0,113.0,1081.0,1061.0,3,2,2.0,0.0,1.0,1081.0,1080.0,670.0,0,0,0,360.3333333333333,1.0,2.0,0.85
0.0,19.0,1760.0,1853.0,3,4,3.0,7.0,3.0,2217.0,1930.0,1760.0,1,0,0,586.6666666666666,0.0,2.0,2.35
0.0,97.0,1720.0,1432.0,3,3,3.0,7.0,3.0,1720.0,1400.0,1095.0,1,0,1,573.3333333333334,0.0,2.0,1.55
0.0,56.0,2464.0,1967.0,3,3,4.0,3.0,0.0,2464.0,2364.0,2264.0,1,0,2,821.3333333333334,2.0,2.0,5.15
0.0,65.0,2000.0,1712.0,3,3,4.0,1.0,3.0,2000.0,1900.0,1800.0,1,0,1,666.6666666666666,2.0,2.0,1.5
0.0,10.0,1760.0,1495.0,3,4,4.0,2.0,3.0,1760.0,1186.0,1130.0,1,0,0,586.6666666666666,0.0,2.0,1.2
0.0,99.0,882.0,1365.0,2,2,3.0,1.0,3.0,1640.0,1173.0,882.0,0,0,0,441.0,2.0,0.0,1.1
0.0,94.0,1360.0,1180.0,2,2,2.0,2.0,3.0,1360.0,1260.0,894.0,0,0,1,680.0,0.0,0.0,0.95
0.0,12.0,2003.0,1725.0,3,3,4.0,2.0,3.0,2003.0,1750.0,1550.0,1,0,1,667.6666666666666,0.0,2.0,1.55
0.0,57.0,1805.0,1537.0,3,3,3.0,4.0,2.0,1805.0,1600.0,1400.0,0,0,1,601.6666666666666,1.0,1.0,1.9
0.0,97.0,1825.0,1485.0,3,2,2.0,6.0,0.0,1755.0,1500.0,1100.0,0,0,0,608.3333333333334,2.0,1.0,1.04
0.0,71.0,1395.0,1527.0,3,3,4.0,4.0,0.0,1795.0,1595.0,1395.0,1,0,1,465.0,0.0,0.0,2.04
0.0,16.0,2428.0,1951.0,4,4,4.0,6.0,3.0,2428.0,2350.0,2050.0,1,0,0,607.0,0.0,1.0,2.25
0.0,77.0,2358.0,1903.0,3,4,3.0,0.0,3.0,2358.0,2100.0,2000.0,1,0,1,786.0,1.0,0.0,3.39
0.0,97.0,1245.0,1102.0,2,2,2.0,1.0,3.0,1245.0,1154.0,945.0,0,0,0,622.5,0.0,0.0,0.83
0.0,91.0,1490.0,1278.0,3,3,3.0,4.0,3.0,1490.0,1058.0,863.91,0,0,1,496.6666666666667,2.0,0.0,1.25
0.0,76.0,1950.0,1661.0,3,3,2.0,0.0,1.0,1950.0,1920.0,1600.0,1,0,2,650.0,2.0,0.0,2.8
0.0,11.0,1943.0,1650.0,3,3,3.0,4.0,3.0,1943.0,1750.0,1550.0,0,0,1,647.6666666666666,1.0,2.0,1.2
0.0,65.0,1850.0,1713.0,4,3,4.0,1.0,2.0,2000.0,1900.0,1850.0,0,0,1,462.5,1.0,2.0,1.59
0.0,12.0,1758.0,1489.0,3,3,4.0,4.0,3.0,1758.0,1275.53,974.68,0,0,0,586.0,2.0,2.0,1.2
0.0,98.0,1450.0,1436.0,3,3,4.0,2.0,3.0,1725.0,1525.0,1450.0,0,0,0,483.3333333333333,0.0,0.0,0.9
0.0,46.0,1446.0,1133.0,3,3,2.0,5.0,3.0,1285.0,1185.0,975.0,0,0,2,482.0,1.0,0.0,0.9
0.0,46.0,2191.0,1833.0,4,4,3.0,7.0,3.0,2191.0,2091.0,1991.0,0,0,1,547.75,2.0,0.0,1.67
0.0,46.0,1310.0,1146.0,2,2,3.0,5.0,1.0,1310.0,1100.0,1000.0,0,0,0,655.0,1.0,2.0,0.71
0.0,10.0,1760.0,1495.0,3,4,4.0,7.0,3.0,1760.0,1186.0,1130.0,1,0,0,586.6666666666666,1.0,0.0,1.17
0.0,70.0,2800.0,2055.0,4,5,3.0,0.0,0.0,2800.0,2791.0,2768.0,1,0,1,700.0,2.0,0.0,3.8
0.0,100.0,1929.0,1628.0,3,3,1.0,1.0,3.0,1929.0,1750.0,1450.0,0,0,1,643.0,0.0,0.0,1.58
0.0,94.0,2103.0,1783.0,3,3,4.0,4.0,3.0,2103.0,1650.0,1257.0,1,0,2,701.0,1.0,2.0,2.12
0.0,97.0,1200.0,1251.0,2,2,3.0,4.0,3.0,1445.0,1300.0,1200.0,0,0,1,600.0,2.0,2.0,0.98
0.0,97.0,1785.0,1518.0,3,3,4.0,3.0,3.0,1785.0,1600.0,1500.0,0,0,1,595.0,2.0,2.0,1.1
0.0,12.0,1752.0,1890.0,4,5,3.0,2.0,1.0,2344.0,2343.0,1752.0,1,0,2,438.0,2.0,0.0,4.1
0.0,65.0,2250.0,1861.0,3,3,4.0,1.0,0.0,2250.0,1900.0,1750.0,1,0,1,750.0,2.0,2.0,1.55
0.0,97.0,1245.0,1103.0,2,2,2.0,5.0,3.0,1245.0,850.0,790.0,0,0,1,622.5,0.0,2.0,0.78
0.0,59.0,1877.0,1595.0,3,4,4.0,2.0,0.0,1877.0,1870.0,1600.0,1,0,1,625.6666666666666,0.0,2.0,1.8
0.0,41.0,1110.0,1068.0,2,2,3.0,0.0,0.0,1110.0,1100.0,1000.0,0,0,1,555.0,1.0,2.0,1.1
0.0,19.0,2690.0,2026.0,3,4,3.0,2.0,1.0,2690.0,2600.0,2240.0,1,0,0,896.6666666666666,0.0,0.0,3.05
0.0,89.0,1950.0,1657.0,4,4,4.0,2.0,3.0,1950.0,1800.0,1702.0,1,0,2,487.5,1.0,1.0,1.55
0.0,87.0,2018.0,1732.0,3,3,4.0,6.0,3.0,2018.0,1800.0,1614.0,0,0,0,672.6666666666666,2.0,0.0,2.45
0.0,99.0,1640.0,1367.0,2,2,3.0,1.0,3.0,1640.0,1300.0,1000.0,0,0,1,820.0,0.0,2.0,1.2
0.0,46.0,1770.0,1506.0,3,3,4.0,2.0,3.0,1770.0,1675.0,1400.0,0,0,0,590.0,0.0,2.0,0.98
0.0,40.0,1650.0,1382.0,3,2,2.0,0.0,0.0,1650.0,1450.0,1150.0,0,0,2,550.0,2.0,1.0,1.2
0.0,111.0,1160.0,1318.0,2,2,3.0,1.0,3.0,1550.0,1430.0,1160.0,0,0,0,580.0,0.0,2.0,1.02
0.0,83.0,1425.0,1241.0,3,3,2.0,5.0,3.0,1425.0,1300.0,1200.0,0,0,0,475.0,1.0,1.0,1.25
0.0,79.0,1224.0,1094.0,2,2,3.0,2.0,3.0,1224.0,1150.0,830.0,0,0,1,612.0,2.0,1.0,1.1
0.0,11.0,1457.0,1649.0,3,3,4.0,7.0,3.0,1943.0,1554.0,1457.0,0,0,1,485.6666666666667,0.0,2.0,1.3
0.0,113.0,1940.0,1644.0,2,2,3.0,1.0,1.0,1940.0,1175.97,834.96,0,0,0,970.0,1.0,1.0,1.05
0.0,83.0,1000.0,1254.0,2,2,3.0,0.0,1.0,1450.0,1400.0,1000.0,0,0,0,500.0,2.0,2.0,1.15
0.0,1.0,2003.0,1711.0,4,4,4.0,2.0,0.0,2000.0,1850.0,1650.0,0,0,0,500.75,2.0,2.0,1.5
0.0,91.0,1567.0,1328.0,2,2,3.0,2.0,3.0,1572.0,1325.0,1200.0,0,0,0,783.5,1.0,2.0,1.12
0.0,62.0,2895.0,2078.0,3,4,4.0,2.0,3.0,2895.0,2500.0,2200.0,1,0,1,965.0,1.0,2.0,5.0
0.0,105.0,1930.0,1637.0,3,3,4.0,7.0,3.0,1930.0,1929.0,1928.0,1,0,0,643.3333333333334,2.0,2.0,1.25
0.0,99.0,3900.0,2163.0,4,6,3.0,3.0,3.0,3950.0,3920.0,3900.0,1,0,0,975.0,0.0,2.0,2.2
0.0,29.0,1380.0,1205.0,2,2,2.0,5.0,3.0,1380.0,1200.0,900.0,0,0,2,690.0,2.0,2.0,2.4
0.0,99.0,2812.0,2066.0,4,4,3.0,3.0,3.0,2812.0,2600.0,2400.0,0,0,0,703.0,1.0,1.0,2.1
0.0,90.0,1654.0,1393.0,3,2,2.0,4.0,0.0,1654.0,1472.0,1310.0,0,0,0,551.3333333333334,2.0,2.0,0.8
0.0,94.0,3500.0,2171.0,4,4,4.0,6.0,1.0,4200.0,3700.0,3500.0,1,0,2,875.0,1.0,2.0,4.4
0.0,18.0,2600.0,2058.0,3,3,2.0,1.0,3.0,2802.0,2600.0,2200.0,0,0,1,866.6666666666666,1.0,1.0,3.0
0.0,18.0,4848.0,2194.0,4,6,4.0,0.0,3.0,4848.0,3655.35,3500.0,1,0,1,1212.0,0.0,0.0,5.2
0.0,97.0,950.0,1099.0,2,2,2.0,7.0,0.0,1245.0,1100.0,950.0,0,0,1,475.0,2.0,0.0,0.85
0.0,97.0,1900.0,1607.0,3,3,3.0,7.0,3.0,1900.0,1600.0,1240.0,1,0,1,633.3333333333334,0.0,2.0,1.75
0.0,105.0,1922.0,1637.0,3,3,4.0,1.0,3.0,1930.0,1929.0,1928.0,1,0,0,640.6666666666666,2.0,2.0,1.25
0.0,113.0,950.0,2288.0,2,2,2.0,2.0,3.0,950.0,800.0,700.0,0,0,2,475.0,2.0,2.0,0.46
0.0,19.0,2450.0,2025.0,3,3,3.0,1.0,1.0,2690.0,2599.0,2450.0,1,0,0,816.6666666666666,0.0,2.0,2.78
0.0,99.0,2812.0,2066.0,4,4,3.0,1.0,3.0,2812.0,2600.0,2400.0,0,0,0,703.0,1.0,2.0,2.13
0.0,29.0,1380.0,1204.0,2,2,2.0,0.0,3.0,1380.0,1200.0,1000.0,0,0,2,690.0,2.0,2.0,1.65
0.0,11.0,1050.0,1054.0,3,2,2.0,4.0,3.0,1050.0,850.0,645.0,0,0,0,350.0,1.0,2.0,0.5
0.0,76.0,2000.0,1708.0,3,3,3.0,0.0,3.0,2000.0,1800.0,1500.0,1,0,1,666.6666666666666,1.0,2.0,2.99
0.0,94.0,2103.0,1779.0,3,3,4.0,4.0,3.0,2103.0,1550.0,1257.0,1,0,2,701.0,1.0,0.0,2.35
0.0,100.0,1670.0,1630.0,3,3,4.0,3.0,3.0,1929.0,1780.0,1670.0,1,0,0,556.6666666666666,0.0,0.0,1.54
0.0,79.0,1230.0,1096.0,2,2,2.0,2.0,1.0,1230.0,1200.0,1000.0,0,0,1,615.0,2.0,0.0,1.05
0.0,111.0,1997.0,1701.0,3,5,3.0,0.0,3.0,1997.0,1790.0,1500.0,1,0,0,665.6666666666666,1.0,2.0,1.13
0.0,6.0,4550.0,2188.0,4,4,4.0,2.0,3.0,4650.0,4630.0,4550.0,0,0,1,1137.5,2.0,0.0,4.55
0.0,105.0,2364.0,1915.0,4,4,4.0,4.0,3.0,2364.0,2362.0,2360.0,1,0,1,591.0,2.0,2.0,1.51
0.0,95.0,1565.0,1819.0,3,3,3.0,4.0,3.0,2160.0,2000.0,1565.0,1,0,1,521.6666666666666,2.0,0.0,1.37
0.0,52.0,1345.0,1166.0,3,3,3.0,4.0,2.0,1345.0,1320.0,1300.0,0,0,1,448.3333333333333,2.0,1.0,1.35
0.0,97.0,1445.0,1251.0,2,2,3.0,4.0,3.0,1445.0,1300.0,1200.0,0,0,1,722.5,2.0,2.0,0.95
0.0,65.0,2600.0,2002.0,4,4,4.0,4.0,3.0,2600.0,2500.0,2400.0,0,0,1,650.0,2.0,2.0,2.05
0.0,98.0,1400.0,1615.0,3,3,3.0,5.0,3.0,1918.0,1750.0,1400.0,0,0,0,466.6666666666667,2.0,2.0,1.35
0.0,97.0,1720.0,1431.0,3,3,3.0,6.0,3.0,1720.0,1350.0,1150.0,1,0,1,573.3333333333334,1.0,2.0,1.38
0.0,105.0,2727.0,2037.0,4,4,4.0,4.0,3.0,2727.0,2726.0,2725.0,1,0,0,681.75,2.0,0.0,1.88
0.0,94.0,1094.0,1182.0,2,2,3.0,7.0,3.0,1360.0,1300.0,1094.0,0,0,0,547.0,2.0,2.0,0.87
0.0,107.0,1581.0,1259.0,3,3,3.0,0.0,3.0,1454.0,1415.0,1350.0,0,0,1,527.0,1.0,1.0,0.75
0.0,95.0,1700.0,1879.0,3,5,4.0,6.0,3.0,2300.0,2000.0,1700.0,1,0,1,566.6666666666666,2.0,2.0,1.22
0.0,13.0,2150.0,1809.0,3,4,4.0,3.0,3.0,2150.0,1797.0,1660.0,1,0,0,716.6666666666666,2.0,2.0,1.45
0.0,99.0,970.0,1403.0,2,2,2.0,0.0,3.0,1671.0,1190.0,970.0,1,1,0,485.0,2.0,2.0,1.2
0.0,105.0,2215.0,1846.0,4,4,4.0,0.0,3.0,2215.0,1900.0,1700.0,0,0,0,553.75,2.0,2.0,1.65
0.0,75.0,1450.0,1383.0,3,3,3.0,5.0,3.0,1650.0,1500.0,1450.0,1,0,1,483.3333333333333,2.0,1.0,2.35
0.0,12.0,1631.0,2046.0,4,5,4.0,6.0,3.0,2779.0,2204.25,1631.07,1,0,2,407.75,2.0,1.0,3.0
0.0,67.0,1775.0,1823.0,3,4,2.0,2.0,3.0,2164.0,2000.0,1775.0,1,0,1,591.6666666666666,0.0,2.0,3.83
0.0,6.0,1500.0,1647.0,3,4,4.0,2.0,3.0,1942.0,1700.0,1500.0,1,0,1,500.0,0.0,2.0,1.7
0.0,79.0,1245.0,1100.0,2,2,3.0,7.0,3.0,1245.0,1130.0,930.0,0,0,1,622.5,2.0,2.0,1.13
0.0,45.0,1578.0,1332.0,2,3,4.0,3.0,3.0,1578.0,1300.0,1110.0,0,0,0,789.0,2.0,2.0,0.87
0.0,20.0,867.0,2275.0,2,2,1.0,1.0,0.0,867.0,737.0,650.0,0,0,0,433.5,1.0,1.0,0.35
0.0,63.0,1850.0,1574.0,3,3,4.0,7.0,0.0,1850.0,1700.0,1550.0,0,0,1,616.6666666666666,2.0,2.0,1.5
0.0,97.0,1735.0,1447.0,3,3,2.0,4.0,0.0,1735.0,1500.0,1400.0,0,0,1,578.3333333333334,2.0,0.0,1.12
0.0,6.0,1852.0,1578.0,3,3,4.0,2.0,1.0,1852.0,1700.0,1450.0,0,0,0,617.3333333333334,0.0,0.0,1.9
0.0,93.0,1928.0,1621.0,3,3,3.0,3.0,0.0,1928.0,1580.0,1391.0,1,0,0,642.6666666666666,2.0,2.0,1.1
0.0,59.0,2605.0,2006.0,3,3,4.0,0.0,0.0,2605.0,2400.0,2200.0,1,0,0,868.3333333333334,0.0,2.0,2.7
0.0,57.0,2070.0,1756.0,3,4,3.0,0.0,3.0,2070.0,2060.0,1760.0,0,0,1,690.0,1.0,2.0,2.55
0.0,10.0,1760.0,1495.0,3,4,4.0,3.0,3.0,1760.0,1186.0,1130.0,1,0,0,586.6666666666666,1.0,0.0,1.28
0.0,7.0,1762.0,1498.0,3,3,4.0,2.0,1.0,1762.0,1500.0,1300.0,0,0,0,587.3333333333334,2.0,2.0,1.1
0.0,109.0,1364.0,1189.0,2,2,2.0,1.0,3.0,1364.0,1300.0,1020.0,0,0,0,682.0,2.0,2.0,0.43
0.0,65.0,2000.0,1709.0,3,3,3.0,0.0,2.0,2000.0,1800.0,1600.0,0,0,1,666.6666666666666,2.0,2.0,1.35
0.0,70.0,921.0,1301.0,2,3,2.0,0.0,3.0,1524.0,1250.0,921.0,1,0,1,460.5,1.0,2.0,2.15
0.0,13.0,1550.0,1472.0,3,3,3.0,0.0,3.0,1745.0,1650.0,1550.0,0,1,1,516.6666666666666,0.0,0.0,1.65
0.0,10.0,940.0,1213.0,2,2,4.0,2.0,1.0,1385.0,1120.0,940.0,0,0,0,470.0,0.0,1.0,0.87
0.0,83.0,1655.0,1394.0,3,3,3.0,4.0,3.0,1655.0,1600.0,1550.0,0,0,0,551.6666666666666,2.0,0.0,1.82
0.0,99.0,2812.0,2062.0,4,4,3.0,1.0,3.0,2812.0,2300.0,2000.0,1,0,0,703.0,1.0,2.0,2.14
0.0,105.0,2215.0,1848.0,4,4,4.0,1.0,3.0,2215.0,2020.0,1670.0,0,0,1,553.75,2.0,2.0,1.76
0.0,105.0,1930.0,1637.0,3,3,4.0,4.0,3.0,1930.0,1929.0,1928.0,1,0,1,643.3333333333334,2.0,2.0,1.3
0.0,99.0,2408.0,1937.0,3,4,3.0,5.0,0.0,2408.0,1450.0,1300.0,1,0,1,802.6666666666666,2.0,2.0,1.77
0.0,99.0,1636.0,1368.0,2,2,3.0,2.0,3.0,1640.0,1475.0,1350.0,0,0,0,818.0,1.0,2.0,1.09
0.0,97.0,1400.0,1487.0,3,2,2.0,6.0,0.0,1755.0,1600.0,1400.0,0,0,1,466.6666666666667,2.0,1.0,1.05
0.0,91.0,2360.0,1917.0,3,4,4.0,0.0,3.0,2366.0,1963.0,1629.0,1,0,0,786.6666666666666,2.0,2.0,2.0
0.0,65.0,1850.0,1713.0,3,4,4.0,4.0,2.0,2000.0,1900.0,1850.0,1,0,1,616.6666666666666,2.0,2.0,1.54
0.0,35.0,1650.0,1516.0,3,3,2.0,0.0,2.0,1777.0,1700.0,1650.0,1,0,0,550.0,0.0,0.0,2.26
0.0,55.0,2086.0,1762.0,3,4,4.0,0.0,0.0,2086.0,1950.0,1750.0,1,0,0,695.3333333333334,1.0,2.0,2.15
0.0,77.0,3410.0,2141.0,4,4,4.0,7.0,3.0,3410.0,3200.0,3100.0,1,1,1,852.5,0.0,1.0,4.75
0.0,75.0,1650.0,1385.0,3,3,3.0,6.0,3.0,1650.0,1600.0,1350.0,1,0,1,550.0,1.0,2.0,2.25
0.0,46.0,1811.0,1541.0,3,3,3.0,5.0,3.0,1811.0,1711.0,1611.0,0,0,1,603.6666666666666,2.0,2.0,1.4
0.0,6.0,1692.0,1414.0,3,3,3.0,6.0,3.0,1692.0,1690.0,1592.0,0,0,1,564.0,1.0,2.0,2.15
0.0,65.0,2400.0,1930.0,4,4,4.0,0.0,3.0,2400.0,2300.0,2200.0,0,0,1,600.0,2.0,2.0,2.09
0.0,65.0,1800.0,1928.0,4,4,4.0,0.0,2.0,2400.0,2000.0,1800.0,0,0,1,450.0,2.0,2.0,1.99
0.0,79.0,1245.0,1100.0,2,2,3.0,7.0,3.0,1245.0,1130.0,930.0,0,0,1,622.5,2.0,1.0,1.08
0.0,65.0,1500.0,1286.0,3,3,4.0,2.0,2.0,1500.0,1450.0,1400.0,0,0,0,500.0,0.0,1.0,1.37
0.0,87.0,1800.0,1712.0,3,3,3.0,2.0,3.0,2000.0,1900.0,1800.0,0,0,0,600.0,0.0,2.0,2.25
0.0,97.0,1900.0,1608.0,3,3,3.0,5.0,3.0,1900.0,1600.0,1240.04,1,0,1,633.3333333333334,0.0,2.0,1.76
0.0,97.0,1647.0,1371.0,2,2,3.0,5.0,3.0,1640.0,1630.0,1620.0,0,0,0,823.5,1.0,2.0,1.19
0.0,12.0,2003.0,1726.0,3,4,3.0,3.0,0.0,2003.0,1771.32,1302.01,0,0,1,667.6666666666666,2.0,2.0,1.65
0.0,12.0,1711.0,1428.0,3,3,2.0,0.0,1.0,1711.0,1480.0,1111.44,0,0,0,570.3333333333334,0.0,0.0,2.5
0.0,65.0,2150.0,1812.0,4,4,3.0,7.0,3.0,2150.0,2000.0,1950.0,1,0,1,537.5,1.0,2.0,2.05
0.0,10.0,1385.0,1212.0,2,2,4.0,5.0,3.0,1385.0,1120.0,1040.0,0,0,0,692.5,1.0,2.0,0.88
0.0,19.0,2217.0,1852.0,3,3,4.0,2.0,3.0,2217.0,1890.0,1680.0,0,0,0,739.0,0.0,2.0,2.45
0.0,83.0,1976.0,1681.0,3,3,4.0,2.0,1.0,1976.0,1950.0,1642.0,1,0,0,658.6666666666666,2.0,2.0,1.64
0.0,99.0,2560.0,1984.0,4,5,4.0,7.0,1.0,2560.0,2017.0,1800.0,1,0,1,640.0,1.0,2.0,1.5
0.0,75.0,1020.0,1051.0,2,2,2.0,2.0,3.0,1020.0,1010.0,750.0,0,0,1,510.0,0.0,2.0,1.42
0.0,63.0,2200.0,1838.0,3,4,4.0,0.0,0.0,2200.0,1900.0,1700.0,1,0,1,733.3333333333334,2.0,2.0,1.75
0.0,76.0,2200.0,1839.0,3,4,3.0,0.0,3.0,2200.0,2000.0,1800.0,1,0,1,733.3333333333334,2.0,2.0,3.45
0.0,80.0,2000.0,1929.0,4,5,4.0,2.0,3.0,2400.0,2200.0,2000.0,1,0,0,500.0,0.0,2.0,1.8
0.0,63.0,2300.0,1878.0,4,3,4.0,3.0,2.0,2300.0,1900.0,1800.0,0,0,1,575.0,1.0,2.0,1.75
0.0,59.0,2605.0,2008.0,3,3,3.0,1.0,0.0,2605.0,2600.0,2100.0,1,0,1,868.3333333333334,0.0,2.0,2.92
0.0,109.0,1965.0,1668.0,3,3,2.0,0.0,3.0,1965.0,1800.0,1600.0,0,0,0,655.0,1.0,2.0,0.72
0.0,113.0,1730.0,1442.0,3,3,4.0,2.0,3.0,1730.0,1600.0,1300.0,0,0,0,576.6666666666666,0.0,2.0,1.07
0.0,76.0,1800.0,1618.0,3,4,2.0,2.0,3.0,1920.0,1850.0,1800.0,1,0,1,600.0,0.0,2.0,1.9
0.0,18.0,2441.0,1956.0,2,3,2.0,5.0,3.0,2441.0,1939.03,1800.0,1,0,0,1220.5,2.0,2.0,2.8
0.0,11.0,602.0,2235.0,2,2,1.0,3.0,3.0,602.0,598.0,546.0,0,0,0,301.0,1.0,2.0,0.36
0.0,59.0,2350.0,2007.0,3,3,4.0,5.0,0.0,2605.0,2491.0,2350.0,1,0,0,783.3333333333334,0.0,2.0,2.65
0.0,76.0,1950.0,1656.0,3,3,2.0,0.0,3.0,1950.0,1720.0,1620.0,1,0,0,650.0,2.0,0.0,3.0
0.0,29.0,1280.0,1206.0,2,2,2.0,2.0,1.0,1380.0,1285.0,1280.0,0,0,0,640.0,1.0,2.0,1.99
0.0,59.0,2491.0,1972.0,3,4,4.0,2.0,0.0,2491.0,2450.0,2250.0,1,0,1,830.3333333333334,0.0,2.0,3.1
0.0,87.0,1139.0,1222.0,2,2,3.0,5.0,3.0,1400.0,1250.0,1139.2,0,1,0,569.5,0.0,2.0,1.52
0.0,19.0,2100.0,2028.0,3,3,4.0,0.0,3.0,2691.0,2460.0,2100.0,1,0,0,700.0,0.0,2.0,3.0
0.0,70.0,2200.0,1935.0,3,3,3.0,5.0,3.0,2403.0,2400.0,2200.0,1,0,1,733.3333333333334,0.0,1.0,2.82
0.0,87.0,1400.0,1221.0,2,2,4.0,4.0,3.0,1400.0,1200.0,1100.0,0,0,0,700.0,2.0,0.0,1.54
0.0,63.0,1800.0,1712.0,3,3,3.0,2.0,0.0,2000.0,1900.0,1800.0,1,0,1,600.0,2.0,2.0,1.55
0.0,79.0,1260.0,1112.0,2,2,2.0,2.0,3.0,1260.0,1250.0,800.0,0,0,1,630.0,1.0,0.0,1.02
0.0,97.0,1900.0,1606.0,3,3,3.0,3.0,3.0,1900.0,1500.0,1240.0,1,0,1,633.3333333333334,0.0,2.0,1.76
0.0,93.0,2262.0,1867.0,3,4,2.0,4.0,0.0,2262.0,1922.0,1634.0,1,0,0,754.0,2.0,2.0,1.4
0.0,59.0,2069.0,1755.0,3,3,3.0,3.0,0.0,2069.0,1900.0,1800.0,0,0,1,689.6666666666666,1.0,2.0,2.35
0.0,6.0,2149.0,1803.0,3,4,4.0,2.0,3.0,2149.0,1900.0,1650.0,1,0,1,716.3333333333334,0.0,0.0,2.0
0.0,85.0,2000.0,1829.0,3,4,4.0,2.0,3.0,2185.0,2140.0,2000.0,1,0,1,666.6666666666666,0.0,0.0,3.21
0.0,56.0,2305.0,1880.0,3,3,4.0,2.0,3.0,2305.0,2000.0,1700.0,1,0,1,768.3333333333334,0.0,2.0,2.7
0.0,65.0,2000.0,1710.0,3,3,4.0,1.0,2.0,2000.0,1800.0,1700.0,1,0,0,666.6666666666666,0.0,2.0,1.55
0.0,77.0,2400.0,2030.0,3,4,3.0,2.0,3.0,2698.0,2490.0,2400.0,1,0,1,800.0,2.0,0.0,3.5
0.0,10.0,1385.0,1215.0,2,2,4.0,2.0,1.0,1385.0,940.0,845.0,0,0,1,692.5,1.0,1.0,1.0
0.0,99.0,2404.0,1939.0,3,4,3.0,2.0,3.0,2408.0,2225.0,2175.0,0,0,0,801.3333333333334,1.0,2.0,1.87
0.0,65.0,3000.0,2094.0,4,4,4.0,7.0,3.0,3000.0,2900.0,2800.0,0,0,1,750.0,2.0,1.0,2.45
0.0,85.0,2185.0,1828.0,3,4,4.0,1.0,1.0,2185.0,1800.0,1600.0,1,0,2,728.3333333333334,0.0,0.0,3.3
0.0,76.0,2410.0,1946.0,4,4,4.0,2.0,3.0,2410.0,2210.0,2040.0,1,0,1,602.5,0.0,1.0,3.4
0.0,85.0,2145.0,1800.0,3,3,4.0,2.0,3.0,2145.0,2000.0,1800.0,1,0,1,715.0,0.0,2.0,3.3
0.0,19.0,1579.0,1340.0,3,2,2.0,2.0,3.0,1579.0,1420.0,1220.0,0,0,0,526.3333333333334,1.0,2.0,1.65
0.0,70.0,1365.0,1192.0,2,2,2.0,2.0,3.0,1365.0,1350.0,1300.0,0,0,1,682.5,0.0,1.0,2.12
0.0,46.0,900.0,1208.0,2,2,3.0,5.0,3.0,1380.0,1310.0,900.0,0,0,0,450.0,0.0,2.0,0.8
0.0,94.0,1360.0,1179.0,2,2,2.0,5.0,3.0,1360.0,1150.0,894.0,0,0,1,680.0,0.0,0.0,0.95
0.0,35.0,1000.0,1076.0,2,2,4.0,4.0,0.0,1150.0,1050.0,1000.0,0,0,1,500.0,0.0,0.0,1.24
0.0,29.0,3090.0,2101.0,3,4,3.0,7.0,3.0,3090.0,2500.0,2250.0,1,0,2,1030.0,2.0,2.0,4.78
0.0,65.0,2450.0,1959.0,3,2,3.0,4.0,3.0,2450.0,2250.0,2150.0,0,0,1,816.6666666666666,2.0,2.0,2.11
0.0,75.0,1975.0,1673.0,4,4,3.0,3.0,3.0,1975.0,1750.0,1650.0,1,0,1,493.75,2.0,2.0,2.75
0.0,13.0,1750.0,1477.0,3,3,4.0,2.0,3.0,1750.0,1466.0,1350.0,0,1,0,583.3333333333334,2.0,2.0,1.4
0.0,46.0,2191.0,1833.0,4,3,4.0,7.0,3.0,2191.0,2091.0,1991.0,0,0,1,547.75,2.0,2.0,1.65
0.0,6.0,735.0,1092.0,2,2,3.0,0.0,3.0,1215.0,1009.0,734.8,0,1,0,367.5,2.0,1.0,1.3
0.0,29.0,1860.0,1585.0,3,3,3.0,2.0,3.0,1860.0,1600.0,1400.0,0,0,2,620.0,1.0,2.0,2.55
0.0,67.0,2164.0,1822.0,3,4,1.0,7.0,0.0,2164.0,1700.0,1600.0,1,0,1,721.3333333333334,0.0,0.0,3.8
0.0,79.0,1950.0,1658.0,3,3,4.0,4.0,3.0,1950.0,1845.0,1530.0,0,0,1,650.0,2.0,0.0,1.78
0.0,76.0,2125.0,1842.0,3,4,3.0,1.0,3.0,2200.0,2150.0,2125.0,1,0,0,708.3333333333334,2.0,2.0,3.5
0.0,64.0,1500.0,1573.0,3,3,2.0,4.0,0.0,1850.0,1700.0,1500.0,0,0,1,500.0,1.0,2.0,1.44
0.0,10.0,1385.0,1215.0,2,2,4.0,0.0,3.0,1385.0,940.0,845.0,0,0,0,692.5,0.0,1.0,0.92
0.0,70.0,2403.0,1935.0,3,3,3.0,2.0,3.0,2403.0,2400.0,2200.0,1,0,1,801.0,0.0,2.0,3.0
0.0,13.0,1745.0,1470.0,3,3,3.0,7.0,0.0,1745.0,1550.0,1250.0,0,0,0,581.6666666666666,1.0,0.0,1.7
0.0,99.0,2812.0,2064.0,4,4,4.0,2.0,3.0,2812.0,2500.0,2250.0,1,0,1,703.0,1.0,2.0,2.05
0.0,77.0,2047.0,1749.0,3,3,3.0,2.0,3.0,2047.0,1900.0,1700.0,0,0,1,682.3333333333334,0.0,1.0,2.65
0.0,75.0,3243.0,2124.0,3,4,3.0,2.0,3.0,3243.0,2803.0,2388.0,1,0,0,1081.0,1.0,2.0,5.5
0.0,94.0,735.0,2265.0,2,2,3.0,4.0,3.0,735.0,700.0,635.0,0,0,0,367.5,2.0,2.0,0.5
0.0,97.0,3750.0,2152.0,5,7,4.0,7.0,3.0,3750.0,3200.0,2444.94,1,0,1,750.0,0.0,0.0,3.15
0.0,76.0,2201.0,1844.0,3,3,2.0,4.0,3.0,2201.0,2200.0,1800.0,0,0,0,733.6666666666666,2.0,2.0,3.5
0.0,61.0,1900.0,1609.0,3,3,4.0,7.0,3.0,1900.0,1800.0,1700.0,0,0,1,633.3333333333334,2.0,2.0,1.45
0.0,10.0,1403.0,1898.0,4,6,4.0,3.0,3.0,2355.0,1535.0,1403.0,1,0,0,350.75,0.0,2.0,1.4
0.0,90.0,1239.0,1097.0,2,2,1.0,4.0,0.0,1239.0,1115.0,947.0,0,1,0,619.5,2.0,2.0,0.62
0.0,90.0,1854.0,1584.0,3,4,3.0,3.0,0.0,1854.0,1668.0,1501.0,1,0,0,618.0,2.0,2.0,0.88
0.0,19.0,1276.0,1128.0,2,2,2.0,2.0,3.0,1276.0,1199.0,1099.0,0,0,0,638.0,1.0,2.0,1.32
0.0,65.0,1300.0,1140.0,3,2,2.0,7.0,2.0,1300.0,1275.0,1250.0,0,0,0,433.3333333333333,0.0,1.0,1.35
0.0,85.0,2905.0,2080.0,4,5,4.0,2.0,3.0,2905.0,2800.0,2500.0,1,0,1,726.25,0.0,2.0,4.0
0.0,94.0,2660.0,2017.0,3,4,4.0,7.0,3.0,2660.0,2300.0,2100.0,1,1,1,886.6666666666666,2.0,2.0,2.25
0.0,94.0,2103.0,1782.0,3,3,4.0,0.0,3.0,2103.0,1617.0,1257.0,1,0,2,701.0,1.0,0.0,2.3
0.0,77.0,3192.0,2118.0,4,4,4.0,1.0,3.0,3192.0,3160.0,3000.0,1,0,1,798.0,1.0,1.0,4.5
0.0,87.0,1650.0,1743.0,3,3,2.0,4.0,3.0,2038.0,1938.0,1650.0,1,0,1,550.0,0.0,2.0,2.25
0.0,27.0,465.0,2187.0,1,1,1.0,1.0,0.0,465.0,450.0,425.0,0,0,1,465.0,1.0,2.0,0.4
0.0,6.0,1600.0,1804.0,3,4,4.0,0.0,3.0,2149.0,2000.0,1600.0,1,0,0,533.3333333333334,2.0,0.0,2.22
0.0,10.0,2355.0,1898.0,4,5,4.0,6.0,3.0,2355.0,1535.0,1403.0,1,0,0,588.75,1.0,0.0,1.32
0.0,12.0,5201.0,2201.0,3,4,4.0,0.0,3.0,5200.0,4600.0,4000.0,0,0,0,1733.6666666666667,1.0,0.0,2.15
0.0,19.0,2000.0,2027.0,3,4,4.0,2.0,1.0,2691.0,2200.0,2000.0,1,0,0,666.6666666666666,0.0,0.0,3.35
0.0,7.0,1695.0,1417.0,3,3,4.0,2.0,3.0,1695.0,1300.0,1200.0,0,0,0,565.0,1.0,2.0,1.32
0.0,12.0,2003.0,1723.0,3,4,4.0,4.0,3.0,2003.0,1500.29,1140.98,1,0,1,667.6666666666666,2.0,2.0,1.6
0.0,99.0,950.0,1069.0,2,2,2.0,2.0,3.0,1115.0,1050.0,950.0,0,0,0,475.0,0.0,2.0,0.55
0.0,100.0,1930.0,1635.0,3,3,1.0,2.0,3.0,1930.0,1900.0,1350.0,0,0,1,643.3333333333334,0.0,0.0,1.55
0.0,111.0,1550.0,1317.0,2,2,3.0,0.0,3.0,1550.0,1390.0,1240.0,0,0,0,775.0,1.0,1.0,1.05
0.0,97.0,1900.0,1608.0,3,3,3.0,7.0,3.0,1900.0,1600.0,1240.04,1,0,1,633.3333333333334,0.0,2.0,1.73
0.0,85.0,2625.0,2011.0,4,4,4.0,1.0,0.0,2625.0,2600.0,2550.0,1,0,1,656.25,0.0,2.0,3.2
0.0,105.0,1930.0,1632.0,3,3,4.0,5.0,3.0,1930.0,1700.0,1500.0,1,0,0,643.3333333333334,2.0,0.0,1.25
0.0,46.0,1380.0,1207.0,2,2,3.0,2.0,3.0,1380.0,1300.0,1200.0,0,0,0,690.0,2.0,1.0,0.8
0.0,91.0,1503.0,1291.0,2,2,2.0,3.0,3.0,1503.0,1300.0,1200.0,0,0,0,751.5,1.0,2.0,1.0
0.0,39.0,2368.0,1918.0,3,5,4.0,1.0,2.0,2368.0,2367.0,2000.0,1,0,1,789.3333333333334,2.0,0.0,3.55
0.0,52.0,2575.0,1988.0,4,4,3.0,1.0,2.0,2575.0,2570.0,2560.0,1,0,0,643.75,2.0,2.0,5.25
0.0,99.0,1671.0,1406.0,2,2,3.0,7.0,3.0,1671.0,1670.0,1660.0,0,0,0,835.5,1.0,0.0,1.19
0.0,84.0,700.0,2258.0,2,2,1.0,2.0,0.0,700.0,639.0,540.89,0,0,0,350.0,2.0,2.0,0.59
0.0,63.0,1607.0,1686.0,3,4,4.0,1.0,0.0,1983.0,1785.0,1607.0,1,0,2,535.6666666666666,0.0,2.0,4.85
0.0,105.0,1310.0,1139.0,2,2,3.0,3.0,3.0,1300.0,1225.0,1075.0,0,0,1,655.0,1.0,0.0,0.65
0.0,83.0,1976.0,1679.0,3,3,4.0,2.0,1.0,1976.0,1900.0,1560.0,1,0,0,658.6666666666666,2.0,2.0,1.68
0.0,62.0,2895.0,2078.0,3,4,4.0,2.0,3.0,2895.0,2500.0,2200.0,1,0,1,965.0,0.0,2.0,4.8
0.0,83.0,1976.0,1677.0,3,3,3.0,4.0,3.0,1976.0,1600.0,1400.0,1,0,0,658.6666666666666,1.0,2.0,1.55
0.0,76.0,998.0,1087.0,2,2,2.0,1.0,3.0,1200.0,1188.0,998.0,0,0,1,499.0,2.0,2.0,1.51
0.0,12.0,734.0,1131.0,2,3,3.0,0.0,3.0,1283.0,978.23,734.43,0,0,0,367.0,2.0,2.0,0.98
0.0,105.0,1816.0,1552.0,3,3,4.0,5.0,3.0,1818.0,1817.0,1816.0,1,0,0,605.3333333333334,0.0,0.0,1.29
0.0,99.0,1322.0,1148.0,2,2,2.0,6.0,3.0,1312.0,1075.0,975.0,0,0,0,661.0,1.0,2.0,0.69
0.0,97.0,1050.0,1056.0,2,2,2.0,4.0,3.0,1050.0,990.0,950.0,0,0,1,525.0,0.0,1.0,0.6
0.0,99.0,2812.0,2066.0,4,4,3.0,1.0,3.0,2812.0,2600.0,2400.0,1,0,0,703.0,1.0,2.0,2.17
0.0,105.0,1818.0,1551.0,3,3,4.0,4.0,3.0,1818.0,1700.0,1400.0,0,0,0,606.0,2.0,2.0,1.3
0.0,46.0,1800.0,1531.0,3,3,3.0,3.0,3.0,1800.0,1700.0,1600.0,0,0,0,600.0,2.0,2.0,1.1
0.0,12.0,1833.0,1565.0,3,3,2.0,2.0,3.0,1833.0,1500.0,1350.0,1,0,0,611.0,2.0,1.0,0.85
0.0,10.0,1130.0,1495.0,3,4,4.0,5.0,3.0,1760.0,1186.0,1130.0,1,0,0,376.6666666666667,0.0,2.0,1.25
0.0,76.0,2200.0,1841.0,3,3,3.0,2.0,0.0,2200.0,2125.0,2000.0,1,1,1,733.3333333333334,2.0,2.0,3.5
0.0,85.0,4400.0,2182.0,4,4,4.0,2.0,1.0,4400.0,4000.0,3500.0,1,1,1,1100.0,0.0,1.0,5.0
0.0,46.0,1811.0,1541.0,3,3,3.0,5.0,3.0,1811.0,1711.0,1611.0,0,0,0,603.6666666666666,2.0,2.0,1.45
0.0,97.0,1980.0,1684.0,3,3,2.0,1.0,0.0,1980.0,1700.0,1400.0,1,0,0,660.0,2.0,0.0,1.25
0.0,10.0,1173.0,1605.0,3,4,3.0,0.0,3.0,1900.0,1305.0,1173.0,1,0,0,391.0,0.0,0.0,1.25
0.0,59.0,2093.0,1771.0,3,3,3.0,2.0,0.0,2093.0,2000.0,1850.0,0,1,1,697.6666666666666,2.0,2.0,2.35
0.0,77.0,2527.0,1975.0,3,3,3.0,0.0,3.0,2527.0,2200.0,2100.0,1,0,1,842.3333333333334,1.0,2.0,2.99
0.0,16.0,3400.0,2140.0,4,5,3.0,6.0,3.0,3400.0,3000.0,2800.0,1,0,0,850.0,0.0,2.0,3.4
0.0,70.0,2800.0,2054.0,4,4,3.0,1.0,3.0,2800.0,2650.0,2350.0,1,0,1,700.0,1.0,0.0,3.75
0.0,36.0,950.0,2289.0,2,2,2.0,2.0,2.0,950.0,900.0,744.0,0,0,0,475.0,2.0,1.0,0.55
0.0,108.0,1812.0,1536.0,3,4,2.0,2.0,3.0,1805.0,1350.0,1100.0,0,0,1,604.0,2.0,0.0,1.25
0.0,99.0,1647.0,1374.0,3,4,3.0,7.0,3.0,1645.0,1390.0,1275.0,1,0,1,549.0,1.0,2.0,0.8
0.0,84.0,500.0,2198.0,1,1,2.0,2.0,3.0,500.0,425.0,366.48,0,0,1,500.0,1.0,1.0,0.37
0.0,59.0,1794.0,1526.0,3,3,4.0,1.0,0.0,1794.0,1790.0,1450.0,0,0,1,598.0,0.0,0.0,1.88
0.0,8.0,1446.0,1252.0,2,2,4.0,0.0,3.0,1446.0,1269.0,777.0,0,0,0,723.0,2.0,2.0,0.85
0.0,99.0,2120.0,1788.0,3,4,2.0,1.0,3.0,2120.0,1900.0,1800.0,1,0,1,706.6666666666666,0.0,2.0,1.25
0.0,97.0,1245.0,1101.0,2,2,2.0,0.0,3.0,1245.0,1150.0,1020.0,0,0,1,622.5,2.0,0.0,0.75
0.0,29.0,1860.0,1585.0,3,3,3.0,2.0,3.0,1860.0,1600.0,1400.0,0,0,1,620.0,2.0,2.0,2.55
